TF	CTA ID	CTA name	regulation	median CTA expression in low LOY TCGA	median CTA expression in high LOY TCGA
HSFY2	ENSG00000008294	SPAG9	1	2,94	2,5
HSFY2	ENSG00000095627	TRD1	1	0,07	0,05
HSFY2	ENSG00000138180	CEP55	1	2,61	2,58
HSFY2	ENSG00000165509	MAGEC3	1	0,02	0,2
SRY	ENSG00000008294	SPAG9	1	2,94	2,5
SRY	ENSG00000101746	NOL4	1	0,04	0,18
SRY	ENSG00000101951	PAGE4	1	0	0,03
SRY	ENSG00000118402	ELOVL4	1	0,4	0,2
SRY	ENSG00000121101	TEX14	1	0,21	0,16
SRY	ENSG00000130783	CCDC62	1	0,09	0,12
SRY	ENSG00000132446	FTHL17	1	0	0
SRY	ENSG00000150527	MIA2	1	2,47	2,03
SRY	ENSG00000155761	SPAG17	1	0,6	0,79
SRY	ENSG00000168594	ADAM29	1	0,02	0,02
SRY	ENSG00000177294	FBXO39	1	0,1	0,04
SRY	ENSG00000185686	PRAME	1	0,99	2,61
SRY	ENSG00000188992	LIPI	1	0,03	0
SRY	ENSG00000198765	SYCP1	1	0	0
SRY	ENSG00000204363	SPANXN5	1	0	0
